{
    "name": "All Requests",
    "numberOfRequests": {
        "total": 20000,
        "ok": 13299,
        "ko": 6701
    },
    "minResponseTime": {
        "total": 0,
        "ok": 7,
        "ko": 0
    },
    "maxResponseTime": {
        "total": 35328,
        "ok": 35328,
        "ko": 10019
    },
    "meanResponseTime": {
        "total": 1977,
        "ok": 2399,
        "ko": 1139
    },
    "standardDeviation": {
        "total": 5388,
        "ok": 6168,
        "ko": 3175
    },
    "percentiles1": {
        "total": 11,
        "ok": 15,
        "ko": 1
    },
    "percentiles2": {
        "total": 62,
        "ok": 246,
        "ko": 2
    },
    "percentiles3": {
        "total": 13694,
        "ok": 17542,
        "ko": 10002
    },
    "percentiles4": {
        "total": 26072,
        "ok": 27554,
        "ko": 10003
    },
    "group1": {
    "name": "t < 800 ms",
    "htmlName": "t < 800 ms",
    "count": 10703,
    "percentage": 53.515
},
    "group2": {
    "name": "800 ms <= t < 1200 ms",
    "htmlName": "t >= 800 ms <br> t < 1200 ms",
    "count": 186,
    "percentage": 0.9299999999999999
},
    "group3": {
    "name": "t >= 1200 ms",
    "htmlName": "t >= 1200 ms",
    "count": 2410,
    "percentage": 12.049999999999999
},
    "group4": {
    "name": "failed",
    "htmlName": "failed",
    "count": 6701,
    "percentage": 33.505
},
    "meanNumberOfRequestsPerSecond": {
        "total": 82.98755186721992,
        "ok": 55.18257261410788,
        "ko": 27.804979253112034
    }
}